iso,country,1980,1981,1982,1983,1984,1985,1986,1987,1988,1989,1990,1991,1992,1993,1994,1995,1996,1997,1998,1999,2000,2001,2002,2003,2004,2005,2006,2007,2008,2009,2010,2011,2012,2013,2014,2015,2016,2017,2018,2019,2020,2021,2022,2023,2024,2025,2026,2027
abw,Aruba,,,,,,,,,,,,6.078,6.428,6.022,5.058,5.983,7.169,6.126,3.25,4.793,6.923,6.489,8.131,11.4,9.5,8.8,9.3,5.71,6.9,10.3,10.6,8.879,9.607,7.599,7.451,7.298,7.694,8.923,7.283,5.2,8.6,8.8,7.774,7.672,7.639,7.64,7.67,7.656
alb,Albania,5.028,4.224,2.813,3.335,4.41,5.853,5.43,5.164,6.033,6.721,8.457,8.9,26.5,22.3,18.4,12.9,12.3,14.9,17.7,18.4,16.8,16.44,15.751,15.0,14.4,14.1,13.8,13.4,13.1,13.8,14.0,14.0,13.4,15.9,17.5,17.1,15.2,13.7,12.3,11.47,11.675,10.6,10.3,10.0,10.0,10.0,10.0,10.0
and,Andorra,,,,,,,,,,,,,,,,,,,,,,,,,,,,,,,3.225,3.975,6.175,6.325,5.8,3.575,3.025,1.725,1.525,1.775,2.85,2.875,2.0,1.8,1.675,1.675,1.675,1.675
arg,Argentina,3.0,5.0,4.5,5.0,5.0,6.25,6.3,6.0,6.5,8.0,7.6,6.48,7.112,11.606,13.348,18.904,18.76,16.808,14.789,16.061,17.134,19.209,22.45,17.25,13.625,11.575,10.175,8.475,7.875,8.675,7.75,7.15,7.2,7.075,7.25,6.533,8.467,8.35,9.2,9.825,11.55,8.725,6.9,6.9,6.9,6.9,6.9,6.9
arm,Armenia,,,,,,,,,,,,,,,,,,,,,,38.4,35.3,31.2,31.6,31.2,27.8,28.7,16.4,18.7,19.0,18.4,17.3,16.2,17.6,18.5,18.0,17.8,19.0,18.3,18.1,15.3,15.2,15.1,14.9,14.8,14.7,14.6
aus,Australia,6.133,5.783,7.183,9.967,8.967,8.258,8.117,8.108,7.2,6.133,6.942,9.617,10.742,10.883,9.717,8.483,8.525,8.367,7.692,6.867,6.292,6.775,6.367,5.942,5.392,5.042,4.792,4.375,4.258,5.575,5.208,5.083,5.233,5.658,6.058,6.058,5.708,5.6,5.292,5.167,6.483,5.092,3.644,3.727,4.248,4.505,4.657,4.773
aut,Austria,1.6,2.2,3.1,3.7,3.8,3.6,3.1,3.8,2.676,2.348,2.723,3.151,3.29,3.958,3.85,4.242,4.717,4.758,4.708,4.142,3.883,4.008,4.392,4.792,5.875,6.033,5.6,5.217,4.425,5.683,5.175,4.892,5.242,5.35,6.042,6.158,6.45,5.925,5.233,4.817,5.4,6.167,4.467,4.6,4.5,4.3,4.3,4.3
aze,Azerbaijan,,,,,,,,,,,,,,,,,,,,,11.777,10.913,10.037,9.167,7.987,7.256,6.615,6.326,5.856,5.742,5.631,5.424,5.185,4.973,4.913,4.958,5.043,4.961,4.944,4.848,7.157,5.952,5.886,5.82,5.755,5.691,5.627,5.564
bel,Belgium,8.3,10.0,11.5,10.742,10.825,10.117,10.05,9.808,8.833,7.367,6.558,6.45,7.092,8.625,9.75,9.683,9.55,9.217,9.342,8.425,6.858,6.567,7.525,8.175,8.383,8.475,8.267,7.492,6.967,7.992,8.383,7.208,7.65,8.55,8.658,8.658,7.925,7.167,6.042,5.458,5.75,6.267,5.446,5.633,5.633,5.571,5.517,5.468
bgr,Bulgaria,,,,,,,,,,0.025,2.9,6.78,13.24,15.84,14.05,11.37,10.988,14.023,12.367,13.79,18.134,17.514,17.416,13.857,12.192,10.177,9.022,6.935,5.664,6.878,10.306,11.35,12.379,13.038,11.524,9.233,7.666,6.23,5.273,4.275,5.207,5.346,5.13,4.7,4.4,4.2,4.2,4.2
bhr,Bahrain,,,,,,,,,,,,,,,,,,,,,,,,,,,,5.6,3.7,4.0,3.6,4.0,3.7,4.4,3.8,3.4,3.7,3.58,3.885,4.7,5.9,6.6,5.548,4.403,3.951,3.951,3.951,3.951
bhs,The Bahamas,,,,,,,12.2,11.5,11.0,11.7,12.0,12.3,14.8,13.1,13.292,10.9,11.505,9.779,7.743,7.796,7.0,6.9,9.102,10.835,10.202,10.17,7.628,7.853,8.703,14.246,15.082,15.889,14.367,15.782,14.636,13.379,12.15,10.1,10.35,10.1,25.55,18.145,13.878,12.74,12.306,11.87,11.607,11.431
bih,Bosnia and Herzegovina,,,,,,,,,,,,,,,,70.0,50.0,32.296,29.334,31.1,31.1,31.1,31.1,31.1,31.1,31.1,31.1,29.0,23.4,24.1,27.2,27.6,28.0,27.5,27.5,27.7,25.4,20.5,18.4,15.7,15.9,17.4,17.3,17.2,17.165,17.125,17.135,17.145
blr,Belarus,,,,,,,,,,,,,,6.281,6.947,7.703,8.774,7.6,7.174,6.947,6.961,7.096,7.471,7.931,7.347,6.57,6.295,5.962,5.844,5.808,5.738,5.588,5.536,5.436,5.417,5.821,5.92,5.684,4.825,4.191,4.082,3.925,4.5,4.307,3.9,3.803,3.754,3.754
blz,Belize,,,,,,,,,,,15.0,14.0,12.0,10.0,9.0,12.5,13.8,12.7,14.3,12.8,11.4,11.4,10.0,12.9,11.6,11.0,9.4,10.3,8.2,12.827,18.515,16.726,15.275,12.926,11.6,10.143,9.541,9.328,9.377,9.041,13.743,10.188,8.488,8.012,7.902,7.791,7.68,7.57
bol,Bolivia,,,,,,,,,,,,,,,,,,,,,7.462,8.498,8.69,8.708,8.427,8.146,7.992,7.668,4.43,4.913,4.375,3.837,3.229,4.0,4.0,4.0,4.67,5.08,4.88,5.16,8.47,7.0,4.5,4.0,4.0,4.0,4.0,4.0
bra,Brazil,,,,,,,,,,,,10.1,11.6,11.0,10.5,9.9,11.2,11.6,14.7,14.7,13.9,12.5,13.0,13.7,12.9,11.4,11.5,10.9,9.4,9.7,8.5,7.8,7.4,7.225,6.9,8.625,11.65,12.85,12.375,11.975,13.775,13.2,9.771,9.457,9.477,9.497,9.493,9.49
brb,Barbados,,10.76,13.65,14.945,17.037,18.631,17.735,17.934,17.137,15.244,14.945,17.236,22.915,24.41,21.75,19.625,15.75,14.55,12.15,10.35,9.35,9.85,10.3,11.0,9.575,9.075,8.725,7.425,8.125,9.975,10.25,11.15,11.5,11.625,12.275,11.3,9.65,9.95,10.05,10.088,21.279,14.127,10.846,10.03,9.941,9.879,9.813,9.493
brn,Brunei Darussalam,,,,,,,,,,,,,,,,,,,,,,,,,,,,,,,,9.3,8.5,7.7,6.9,7.7,8.5,9.3,8.7,6.822,6.822,6.822,6.822,6.822,6.822,6.822,6.822,6.822
btn,Bhutan,,,,,,,,,,,,,,,,,,,,,,,,1.8,2.5,3.1,3.2,3.7,3.85,4.0,3.3,3.1,2.1,2.9,2.6,2.5,2.1,3.138,3.4,2.3,5.0,4.8,,,,,,
can,Canada,7.517,7.617,11.1,12.0,11.375,10.508,9.608,8.8,7.775,7.508,8.15,10.317,11.217,11.375,10.392,9.467,9.608,9.092,8.292,7.567,6.833,7.225,7.667,7.583,7.15,6.767,6.325,6.075,6.2,8.375,8.075,7.55,7.375,7.133,6.967,6.942,7.05,6.383,5.908,5.75,9.583,7.433,5.291,5.856,6.242,6.099,5.998,5.999
che,Switzerland,0.209,0.19,0.428,0.85,1.138,0.982,0.832,0.798,0.72,0.564,0.501,1.083,2.549,4.504,4.723,4.233,4.656,5.199,3.856,2.723,1.824,1.703,2.546,3.691,3.879,3.763,3.332,2.766,2.577,3.701,3.516,2.843,2.905,3.158,3.044,3.178,3.323,3.088,2.547,2.306,3.17,2.993,2.23,2.35,2.5,2.5,2.5,2.5
chl,Chile,11.502,10.291,19.814,20.999,17.515,14.975,12.299,10.984,9.875,7.98,7.75,8.217,6.7,6.5,7.808,7.375,6.5,6.108,6.217,10.008,9.708,9.867,9.8,9.533,10.017,9.3,7.95,7.008,7.75,11.053,8.305,7.3,6.595,6.082,6.495,6.328,6.685,6.965,7.377,7.223,10.77,8.862,7.852,8.349,8.15,7.758,7.404,7.229
chn,China,4.9,3.8,3.2,2.3,1.9,1.8,2.0,2.0,2.0,2.6,2.5,2.3,2.3,2.6,2.8,2.9,3.0,3.1,3.1,3.1,3.1,3.6,4.0,4.3,4.2,4.2,4.1,4.0,4.2,4.3,4.14,4.09,4.09,4.05,4.09,4.05,4.02,3.9,3.8,3.62,4.24,3.96,4.2,4.1,3.9,3.8,3.7,3.6
col,Colombia,5.429,6.561,7.1,8.694,8.986,8.742,7.654,7.361,6.451,6.792,6.637,6.377,5.935,5.038,4.914,5.649,7.8,7.9,9.7,13.1,13.325,14.975,15.583,14.108,13.667,11.808,12.042,11.192,11.25,12.192,11.967,10.958,10.5,9.733,9.183,8.942,9.217,9.292,9.508,10.375,15.867,13.8,11.288,11.053,10.495,10.049,9.98,9.911
cpv,Cabo Verde,21.5,21.861,22.229,22.603,22.982,23.369,23.762,24.161,24.567,24.98,25.4,25.827,26.0,26.0,26.0,26.0,25.0,25.0,24.0,22.0,20.0,21.0,20.5,20.0,19.5,21.4,13.5,15.2,13.0,13.0,10.7,12.2,16.8,16.4,15.8,12.4,15.0,12.2,12.2,8.5,8.5,8.5,8.5,8.5,8.5,8.5,8.5,8.5
cri,Costa Rica,5.921,8.766,9.405,9.231,5.361,6.846,6.229,5.577,5.461,3.774,4.642,5.5,4.1,4.1,4.2,5.2,6.2,5.7,5.6,6.022,5.193,6.072,6.403,6.668,6.495,6.63,5.962,4.597,4.948,7.822,9.213,10.492,9.849,8.311,9.658,9.604,9.541,9.293,11.951,12.417,19.98,13.68,12.5,13.2,13.0,12.0,10.5,9.0
cyp,Cyprus,,,2.8,3.3,3.3,3.3,3.7,3.4,2.8,2.3,1.8,3.0,1.825,2.7,2.7,2.6,3.1,3.4,3.4,3.6,4.842,3.925,3.517,4.108,4.625,5.3,4.55,3.925,3.65,5.325,6.275,7.85,11.8,15.85,16.075,14.9,12.95,11.05,8.35,7.075,7.575,7.475,6.728,6.544,6.258,5.979,5.602,5.223
cze,Czech Republic,,,,,,,,,,,,,,,,4.0,3.9,4.775,6.491,8.72,8.757,8.113,7.27,7.77,8.344,7.932,7.128,5.306,4.377,6.703,7.284,6.708,6.975,6.949,6.111,5.021,3.946,2.89,2.243,2.001,2.541,2.82,2.5,2.3,2.3,2.3,2.3,2.3
deu,Germany,3.359,4.831,6.734,8.099,8.058,8.124,7.834,7.843,7.735,6.79,6.155,5.47,6.592,7.775,8.425,8.233,8.908,9.658,9.383,8.558,7.95,7.8,8.6,9.708,10.333,11.008,10.042,8.542,7.425,7.225,6.575,5.517,5.083,4.95,4.708,4.367,3.908,3.567,3.208,2.975,3.625,3.575,2.938,3.39,3.293,3.216,2.951,2.951
dnk,Denmark,5.287,7.133,7.602,8.375,7.925,6.617,4.983,5.0,5.658,6.825,7.167,7.867,8.608,9.533,7.733,6.758,6.317,5.242,4.883,5.108,4.317,4.508,4.642,5.433,5.517,4.8,3.9,3.775,3.708,6.383,7.75,7.767,7.808,7.383,6.85,6.292,6.017,5.817,5.1,5.042,5.642,5.083,5.2,5.3,5.1,5.0,5.0,5.0
dom,Dominican Republic,,,,,,,,,,,,9.237,9.537,9.337,7.387,7.287,7.537,7.187,7.387,6.287,8.05,9.083,8.479,8.674,7.879,8.237,7.075,6.452,5.959,6.835,6.52,7.613,8.407,9.196,8.538,7.328,7.08,5.509,5.656,6.167,5.829,7.351,6.442,6.2,6.0,6.0,6.0,6.0
dza,Algeria,15.789,15.385,15.0,14.286,16.536,16.901,18.356,20.056,21.801,18.1,19.757,20.263,21.368,23.152,24.362,28.105,27.986,27.961,28.021,29.293,29.496,27.306,25.664,23.716,17.656,15.265,12.512,13.793,11.343,10.167,9.961,9.971,10.969,9.829,10.6,11.214,10.498,11.709,11.731,11.383,,,,,,,,
ecu,Ecuador,,,,,,,,,7.0,7.9,6.1,8.5,8.9,8.3,5.696,5.493,9.046,7.828,10.163,13.107,7.625,9.554,7.828,10.163,7.219,7.095,6.687,6.923,5.95,6.47,5.02,4.21,4.12,4.15,3.8,4.77,5.21,4.62,3.69,3.84,5.346,4.15,3.954,3.783,3.698,3.671,3.644,3.644
egy,Egypt,,,,,,,,,,,8.044,8.791,8.952,10.911,11.143,11.176,9.467,8.671,7.955,7.692,8.995,8.808,10.05,11.275,10.526,11.468,10.917,9.205,8.676,9.367,9.21,10.379,12.373,12.992,13.365,12.859,12.705,12.245,10.932,8.612,8.296,7.292,7.323,7.295,7.289,7.063,6.91,6.72
esp,Spain,11.011,13.755,15.77,17.215,19.937,21.305,20.907,20.223,19.238,17.24,16.238,16.313,18.353,22.64,24.118,22.9,22.08,20.61,18.605,15.64,13.857,10.54,11.45,11.485,10.965,9.153,8.453,8.233,11.245,17.855,19.858,21.39,24.788,26.095,24.443,22.058,19.635,17.225,15.255,14.105,15.533,14.785,12.686,12.302,12.103,11.997,12.0,12.0
est,Estonia,,,,,,,,,,,,,,6.526,7.546,9.645,9.881,9.65,9.831,12.201,14.602,13.009,11.227,10.342,10.14,8.031,5.912,4.592,5.455,13.549,16.707,12.325,10.023,8.628,7.351,6.185,6.758,5.763,5.371,4.448,6.806,6.181,6.592,6.825,6.621,6.207,5.517,4.828
fin,Finland,5.288,5.743,6.076,6.147,5.928,6.049,6.665,4.9,4.208,3.108,3.2,6.7,11.8,16.5,16.7,15.5,14.6,12.7,11.5,10.275,9.875,9.2,9.175,9.075,8.875,8.475,7.775,6.95,6.425,8.325,8.5,7.9,7.8,8.325,8.825,9.575,8.975,8.825,7.425,6.733,7.758,7.608,7.049,7.44,7.35,7.25,7.15,7.1
fji,Fiji,,,,,,,9.551,11.908,12.003,7.789,8.172,7.534,6.895,7.534,7.278,6.895,3.742,4.183,4.628,5.071,5.512,5.951,6.388,6.822,7.255,7.3,7.7,8.6,8.8,8.7,7.1,7.1,6.8,6.367,6.2,5.5,5.5,4.5,4.5,4.5,13.351,9.0,6.5,5.5,5.0,4.7,4.5,4.5
fra,France,6.349,7.438,8.069,7.383,8.458,8.7,8.875,9.15,8.842,8.7,8.4,8.617,9.442,10.267,10.667,10.508,10.833,10.892,10.692,10.442,9.175,8.458,8.275,8.517,8.875,8.875,8.85,8.025,7.442,9.117,9.267,9.208,9.775,10.3,10.275,10.35,10.067,9.417,9.025,8.408,8.025,7.867,7.454,7.555,7.515,7.454,7.42,7.362
gbr,United Kingdom,7.133,9.65,10.725,11.475,11.75,11.375,11.325,10.425,8.575,7.225,7.1,8.85,9.95,10.375,9.5,8.625,8.1,6.95,6.25,5.975,5.45,5.1,5.2,5.0,4.75,4.825,5.425,5.35,5.725,7.625,7.9,8.1,7.975,7.575,6.2,5.375,4.875,4.425,4.075,3.825,4.55,4.475,3.825,4.763,4.975,4.275,4.2,4.2
geo,Georgia,,,,,,,,,,,,,,,,,12.715,7.551,12.381,12.628,10.3,11.1,13.5,12.7,13.9,15.1,15.4,17.4,17.9,18.3,27.2,27.2,26.7,26.4,23.0,21.9,21.7,21.6,19.2,17.6,18.5,20.6,18.69,19.512,20.185,20.182,20.031,20.725
grc,Greece,2.663,4.0,5.8,7.9,8.1,7.8,7.4,7.4,7.7,7.5,7.0,7.7,8.7,9.7,9.6,10.0,10.3,10.3,11.2,12.125,11.35,10.775,10.35,9.775,10.6,10.0,9.0,8.4,7.75,9.6,12.725,17.85,24.425,27.475,26.5,24.9,23.55,21.45,19.3,17.325,16.4,15.003,12.6,12.185,11.397,10.996,10.696,10.394
hkg,Hong Kong SAR,3.8,3.9,3.522,4.35,3.875,3.182,2.819,1.737,1.365,1.079,1.332,1.797,1.959,1.971,1.919,3.186,2.765,2.201,4.704,6.251,4.946,5.086,7.32,7.94,6.809,5.591,4.79,4.011,3.519,5.262,4.329,3.421,3.286,3.401,3.296,3.315,3.393,3.124,2.805,2.916,5.808,5.173,4.506,3.957,3.67,3.402,3.133,2.863
hnd,Honduras,6.864,7.018,6.667,6.504,6.349,6.818,6.667,7.092,6.944,6.667,4.267,4.58,3.06,3.157,3.202,3.24,4.37,3.32,4.02,3.85,3.918,4.0,4.02,5.3,5.99,4.909,3.575,3.211,3.156,3.292,4.119,4.474,3.754,4.096,5.488,6.147,6.727,5.528,5.648,5.386,10.912,8.569,4.559,4.559,4.576,4.639,4.606,4.574
hrv,Croatia,,,,,,,,,,,,13.159,15.253,14.775,14.48,14.5,9.952,9.906,11.637,18.633,20.592,21.508,21.783,19.067,17.783,17.583,16.525,14.733,13.033,14.517,17.167,17.367,18.6,19.808,19.275,17.067,14.958,12.433,9.858,7.758,9.0,8.092,6.899,6.554,6.094,5.818,5.634,5.449
hun,Hungary,0.607,0.232,0.154,0.173,0.117,0.041,0.212,0.315,0.463,0.531,2.082,8.415,9.303,11.29,10.118,10.17,9.89,8.73,7.8,7.0,6.433,5.74,5.843,5.901,6.122,6.8,7.075,7.0,7.468,9.681,10.801,10.655,10.668,9.849,7.511,6.626,4.971,4.041,3.596,3.309,4.115,4.071,3.408,3.848,3.563,3.372,3.228,3.132
idn,Indonesia,,,,,1.62,2.22,2.75,2.64,2.89,2.86,2.59,2.67,2.79,2.83,4.47,7.42,4.998,4.77,5.46,6.36,6.08,8.1,9.06,9.67,9.86,11.24,10.28,9.11,8.39,7.87,7.14,6.56,6.14,6.25,5.94,6.18,5.61,5.5,5.24,5.18,7.07,6.49,5.5,5.3,5.2,5.1,5.1,5.1
irl,Ireland,,,,,,17.7,18.1,18.8,18.4,17.9,17.2,19.0,16.3,16.7,15.1,14.1,11.8,9.858,7.55,5.908,4.392,4.183,4.725,4.85,4.75,4.633,4.775,5.0,6.808,12.642,14.592,15.4,15.492,13.767,11.9,9.917,8.383,6.75,5.783,4.983,5.842,6.25,4.73,4.801,4.801,4.849,4.774,4.801
irn,Islamic Republic of Iran,,,,,,,,,,,14.2,10.0,10.0,10.0,10.0,10.0,9.085,11.897,13.569,15.777,16.046,16.626,12.2,11.3,12.3,11.5,11.3,10.5,10.4,11.9,13.5,12.3,12.1,10.4,10.6,11.0,12.425,12.075,12.125,10.65,9.6,9.175,9.381,9.645,9.908,9.953,9.998,9.998
isl,Iceland,0.313,0.365,0.67,1.022,1.254,0.906,0.656,0.441,0.636,1.658,2.594,2.925,4.665,5.764,5.776,5.25,4.153,4.204,3.314,2.489,2.633,2.791,3.515,3.525,3.417,2.883,3.2,2.492,3.325,8.008,8.317,7.7,6.617,5.833,5.417,4.5,3.342,3.283,3.1,3.925,6.433,6.017,4.0,4.0,4.0,4.0,4.0,4.0
isr,Israel,4.78,5.115,5.048,4.562,5.893,6.693,7.078,6.057,6.428,8.881,9.567,10.585,11.155,10.015,7.828,6.863,8.325,9.525,10.675,11.075,10.9,11.625,12.875,13.4,12.9,11.2,10.45,9.15,7.65,9.425,8.25,7.05,6.867,6.208,5.875,5.242,4.825,4.225,3.975,3.817,4.3,4.95,3.9,3.8,3.7,3.7,3.7,3.7
ita,Italy,7.37,7.649,8.288,7.367,7.833,8.167,8.867,9.617,9.683,9.667,8.858,8.533,8.808,9.833,10.633,11.15,11.15,11.242,11.333,10.942,10.1,9.1,8.608,8.45,8.025,7.75,6.867,6.208,6.8,7.867,8.483,8.6,10.9,12.358,12.775,12.025,11.708,11.308,10.625,9.892,9.342,9.517,8.8,9.4,9.32,9.2,9.1,9.0
jam,Jamaica,27.262,25.941,27.577,26.378,25.512,25.01,23.654,20.968,19.089,15.2,15.7,15.4,15.7,16.3,15.4,16.2,16.0,16.5,15.5,15.7,15.5,15.0,14.2,11.8,12.2,11.225,10.325,9.85,10.575,11.35,12.375,12.4,13.925,15.275,13.75,13.5,13.2,11.65,9.125,7.7,10.2,8.375,,,,,,
jor,Jordan,,,,,5.361,5.976,8.037,8.391,8.805,10.282,16.8,18.8,17.6,19.6,15.8,15.4,13.1,14.4,13.5,14.38,13.706,14.691,15.325,14.439,14.7,14.844,14.058,12.7,12.65,12.85,12.475,12.875,12.15,12.6,11.875,13.075,15.275,18.3,18.6,19.075,22.7,24.425,,,,,,
jpn,Japan,2.017,2.208,2.35,2.658,2.708,2.625,2.767,2.85,2.517,2.25,2.1,2.092,2.15,2.5,2.892,3.15,3.367,3.4,4.1,4.667,4.733,5.042,5.358,5.242,4.733,4.425,4.117,3.833,3.983,5.075,5.058,4.583,4.325,4.008,3.583,3.375,3.108,2.825,2.442,2.358,2.783,2.817,2.55,2.4,2.4,2.4,2.4,2.4
kaz,Kazakhstan,,,,,,,,,,,,,,,7.536,10.983,12.959,13.008,13.116,13.465,12.753,10.433,9.318,8.754,8.38,8.088,7.788,7.257,6.627,6.554,5.762,5.388,5.283,5.192,5.136,5.037,4.93,4.872,4.828,4.793,4.925,4.9,4.9,4.8,4.8,4.8,4.8,4.8
kgz,Kyrgyz Republic,,,,,,,,,,,,,,,4.114,5.742,7.815,5.747,5.874,7.196,7.544,7.839,12.55,9.903,8.53,8.117,8.267,8.153,8.219,8.417,8.644,8.53,8.427,8.332,8.046,7.554,7.211,6.891,6.922,6.922,8.656,9.014,9.014,9.014,9.014,9.014,9.014,9.014
kor,Korea,5.2,4.5,4.133,4.117,3.85,4.025,3.842,3.108,2.525,2.583,2.458,2.45,2.525,2.9,2.475,2.067,2.058,2.617,6.95,6.583,4.425,4.0,3.258,3.55,3.658,3.75,3.475,3.258,3.175,3.633,3.708,3.408,3.225,3.1,3.492,3.592,3.675,3.683,3.833,3.783,3.942,3.675,3.0,3.4,3.338,3.433,3.596,3.599
kwt,Kuwait,,0.5,0.5,0.5,0.5,0.5,0.5,0.5,0.5,0.5,0.5,0.5,0.5,3.842,7.183,1.5,1.8,0.699,0.711,0.791,0.777,1.097,1.305,1.221,1.42,1.349,1.37,1.701,1.671,1.639,2.072,2.078,1.986,1.902,1.722,1.322,1.248,1.28,1.087,1.183,1.276,1.276,,,,,,
lka,Sri Lanka,,,,,,,,,,,15.897,14.665,14.566,13.777,13.127,12.267,11.294,10.501,9.174,8.857,7.573,7.9,8.8,8.4,8.3,7.7,6.6,6.2,6.0,5.9,5.0,4.1,4.0,4.4,4.3,4.7,4.4,4.2,4.4,4.8,5.5,5.1,5.25,5.0,4.75,4.4,4.4,4.4
ltu,Lithuania,,,,,,,,,,,,,,,,,,,,14.6,16.375,17.362,13.737,12.441,10.884,8.324,5.778,4.248,5.827,13.787,17.814,15.39,13.366,11.77,10.699,9.119,7.861,7.073,6.146,6.254,8.488,7.116,7.25,7.0,6.5,6.2,6.0,6.0
lux,Luxembourg,0.723,1.015,1.33,1.615,1.748,1.667,1.458,1.669,1.536,1.402,1.256,1.38,1.634,2.105,2.732,2.961,3.241,3.302,3.057,2.89,2.4,2.217,2.5,3.292,3.692,4.083,4.233,4.183,4.142,5.483,5.817,5.667,6.099,6.83,7.092,6.648,6.263,5.844,5.099,5.402,6.354,5.72,4.997,4.989,4.999,5.011,4.987,4.965
lva,Latvia,,,,,,,,,,,,,3.178,6.951,6.951,6.951,20.711,15.167,13.958,14.067,14.342,13.475,12.492,11.65,11.742,10.042,7.033,6.075,7.75,17.55,19.475,16.208,15.048,11.868,10.847,9.875,9.642,8.715,7.415,6.311,8.099,7.557,7.417,7.183,7.061,6.866,6.667,6.465
mac,Macao SAR,,,,,,,,,,,,,,,,,,,,,,6.375,6.275,6.05,4.875,4.15,3.775,3.05,3.025,3.55,2.825,2.575,2.0,1.85,1.7,1.825,1.9,1.975,1.8,1.725,2.55,2.95,3.0,2.65,2.5,2.3,2.1,1.88
mar,Morocco,,,,,,,,,,,,,,,,16.0,15.5,15.4,15.2,14.036,13.452,12.331,11.443,11.51,10.734,11.021,10.9,9.7,9.5,9.0,9.2,8.5,8.7,9.5,9.7,9.2,9.0,10.6,9.4,10.2,12.2,11.9,11.108,10.651,10.217,9.772,9.298,9.205
mda,Moldova,,,,,,,,,,,,,,2.899,15.0,14.4,13.0,12.0,9.232,11.118,8.5,7.3,6.8,7.9,8.1,7.3,7.4,5.1,4.0,6.4,7.4,6.7,5.6,5.1,3.9,5.025,4.225,4.125,3.05,5.125,3.825,3.458,3.5,3.5,3.5,3.5,3.5,3.5
mex,Mexico,1.2,0.9,4.2,6.1,5.6,4.4,4.3,3.883,3.542,2.925,2.742,2.692,2.83,3.43,3.7,6.23,5.45,3.73,3.16,2.5,2.2,2.768,2.978,3.4,3.919,3.478,3.528,3.61,3.887,5.329,5.273,5.172,4.89,4.903,4.824,4.348,3.883,3.423,3.323,3.492,4.412,4.142,3.431,3.677,3.739,3.82,3.789,3.791
mkd,North Macedonia,,,,,,,,,,,,,,,,,31.992,36.104,34.481,32.411,31.727,30.515,31.944,36.687,37.15,37.25,36.025,34.925,33.775,32.175,32.05,31.375,31.0,29.0,28.025,26.05,23.75,22.375,20.725,17.25,16.375,15.7,15.249,15.007,14.801,14.622,14.473,14.388
mlt,Malta,,,,12.5,12.5,12.2,11.0,8.2,6.2,4.636,4.8,4.4,4.9,5.4,5.4,4.9,5.2,6.2,6.6,7.1,6.758,7.617,7.025,7.567,7.217,6.942,6.817,6.467,5.975,6.883,6.842,6.392,6.2,6.108,5.733,5.392,4.7,4.0,3.658,3.633,4.367,3.533,3.2,3.3,3.4,3.5,3.5,3.5
mng,Mongolia,,,,,,,,,,,,,,,,,,,,,,,,,,,,11.3,9.2,11.6,9.9,7.7,8.2,7.9,7.9,7.5,10.0,8.8,7.8,10.0,7.0,8.1,7.29,6.561,5.905,5.314,5.0,5.0
mus,Mauritius,,,20.563,19.721,17.623,15.306,10.941,5.963,3.888,3.6,2.824,2.732,3.342,3.939,4.492,5.116,5.785,6.561,6.888,7.698,6.501,6.8,7.2,7.698,8.395,9.567,9.081,8.522,7.222,7.328,7.8,7.9,8.1,8.0,7.8,7.9,7.3,7.1,6.9,6.7,9.2,9.1,7.66,7.372,7.314,7.303,7.301,7.3
mys,Malaysia,,,,,,6.893,8.261,8.207,8.079,6.715,5.055,4.345,3.718,3.026,2.947,3.143,2.516,2.445,3.225,3.425,3.1,3.675,3.475,3.6,3.55,3.55,3.325,3.225,3.325,3.675,3.3,3.05,3.025,3.1,2.875,3.15,3.45,3.425,3.325,3.275,4.525,4.65,4.45,4.25,4.15,4.15,4.15,4.15
nga,Nigeria,,,,,,,,,,,,,,,,,,,,,,,,,,,,,,,5.092,5.957,10.566,9.955,7.841,9.0,13.375,17.462,22.562,,,,,,,,,
nic,Nicaragua,13.448,11.8,12.4,11.0,12.0,12.5,13.1,14.0,14.2,15.0,15.5,14.9,14.4,15.0,17.1,16.907,15.953,14.274,13.213,10.683,9.8,6.4,12.2,6.998,6.537,5.559,5.193,5.935,6.062,8.158,7.829,5.93,5.912,5.746,6.557,5.909,4.481,3.67,5.5,6.223,7.176,11.1,7.518,7.157,6.763,6.355,5.969,5.498
nld,Netherlands,3.354,4.583,6.525,8.254,8.09,7.327,6.52,6.337,6.247,5.674,5.112,4.799,4.865,5.53,6.193,7.733,7.099,6.101,4.93,4.139,3.66,3.137,3.665,5.921,6.773,6.961,6.079,5.295,4.77,5.422,6.082,6.05,6.823,8.204,8.338,7.887,7.005,5.873,4.881,4.436,4.851,4.226,3.5,3.9,4.0,4.2,4.4,4.6
nor,Norway,1.65,2.001,2.606,3.426,3.147,2.588,1.962,2.084,3.149,4.908,5.229,5.469,5.915,5.948,5.393,4.906,4.833,4.034,3.186,3.172,3.426,3.546,3.889,4.494,4.471,4.616,3.444,2.539,2.747,3.266,3.794,3.364,3.294,3.773,3.617,4.531,4.74,4.216,3.854,3.728,4.595,4.41,3.9,3.8,3.7,3.7,3.7,3.7
nzl,New Zealand,4.019,3.911,4.358,6.241,7.186,3.922,4.2,4.225,5.8,7.325,7.975,10.625,10.675,9.8,8.35,6.45,6.325,6.875,7.725,7.05,6.15,5.475,5.3,4.75,4.025,3.8,3.875,3.625,4.025,5.9,6.2,6.05,6.45,5.825,5.425,5.425,5.175,4.725,4.325,4.125,4.6,3.75,3.35,3.862,4.116,4.284,4.268,4.32
pak,Pakistan,,,,3.85,3.75,3.65,3.3,3.071,3.142,3.141,3.13,5.85,5.85,4.73,4.84,5.37,5.37,6.12,5.89,5.89,7.82,7.82,8.27,8.27,7.69,7.69,6.2,5.2,5.2,5.46,5.55,5.95,5.95,5.975,6.0,5.9,5.88,5.832,5.8,6.9,6.562,6.3,6.2,6.4,6.2,6.0,5.8,5.5
pan,Panama,8.375,9.184,10.981,11.573,12.216,14.418,12.504,14.102,18.78,18.939,16.719,15.971,14.674,13.262,14.008,14.019,14.317,13.37,11.599,9.532,13.526,14.026,13.489,13.042,11.749,9.781,8.662,6.372,5.579,6.557,6.516,4.481,4.05,4.098,4.823,5.052,5.494,6.13,5.956,7.07,18.548,11.293,9.508,9.963,9.963,9.963,9.963,9.963
per,Peru,7.326,6.8,6.4,9.0,8.9,4.589,5.3,4.8,4.156,7.9,8.3,5.9,9.4,9.9,8.8,7.1,7.2,8.6,6.9,9.4,7.847,9.246,9.42,9.424,9.436,9.579,8.542,8.419,8.377,8.387,7.88,7.727,6.798,5.945,5.938,6.49,6.742,6.876,6.7,6.6,13.9,10.9,7.6,7.5,7.4,7.3,7.2,7.0
phl,Philippines,,,,,,11.058,11.682,11.062,9.402,9.129,8.4,10.5,9.8,9.275,9.475,9.525,8.525,8.675,10.05,9.725,11.175,11.125,11.4,11.4,11.825,11.35,7.95,7.325,7.4,7.475,7.325,7.025,6.975,7.075,6.8,6.275,5.475,5.725,5.325,5.1,10.4,7.758,5.725,5.383,5.1,5.1,5.1,5.1
pol,Poland,,,,,,,,,,,6.3,11.8,13.6,16.4,11.4,13.341,12.343,11.246,10.576,13.133,16.087,18.242,20.235,19.942,19.276,18.052,14.169,9.944,7.466,8.514,9.964,9.937,10.377,10.602,9.198,7.659,6.263,4.952,3.89,3.312,3.2,3.362,2.782,3.172,3.376,3.376,3.376,3.376
pri,Puerto Rico,17.1,19.8,22.8,23.4,20.7,21.8,18.9,16.8,15.0,14.6,14.2,16.0,16.7,17.0,14.6,13.7,13.4,13.5,13.3,11.7,10.1,11.4,12.3,12.0,10.6,11.3,10.5,11.2,11.8,15.3,16.4,15.9,14.5,14.3,13.9,12.0,11.8,10.8,9.2,8.3,8.9,7.9,6.0,7.9,8.8,8.9,9.0,9.0
prt,Portugal,7.824,8.29,7.457,7.945,10.503,8.674,8.603,7.126,7.069,5.059,4.225,4.138,3.86,5.127,6.34,7.917,8.015,7.51,5.72,5.169,4.717,4.801,5.779,7.038,7.392,8.343,8.408,8.722,8.315,10.177,11.506,13.445,16.516,17.092,14.535,12.939,11.452,9.217,7.183,6.683,7.125,6.575,6.114,6.486,6.393,6.346,6.253,6.253
pry,Paraguay,,,,8.3,7.3,5.1,6.1,5.5,4.7,6.1,6.6,5.1,5.3,5.1,4.4,3.3,8.2,5.0,5.8,6.8,7.3,7.6,10.8,8.059,7.307,5.831,6.653,5.601,5.728,6.398,5.674,5.621,4.573,5.021,6.038,5.351,5.998,6.086,6.236,6.569,7.708,7.742,7.164,6.373,6.116,6.116,6.116,6.116
rou,Romania,,,,,,4.0,3.9,3.7,3.7,3.4,3.4,3.5,5.441,9.206,10.994,9.882,7.323,7.85,9.611,7.175,7.648,7.334,8.29,7.838,8.006,7.14,7.172,6.344,5.517,6.996,7.722,7.876,6.794,7.096,6.802,6.812,5.902,4.927,4.187,3.912,5.035,5.59,5.5,5.5,5.4,5.3,5.3,5.3
rus,Russia,,,,,,,,,,,,,5.2,5.9,8.1,8.3,9.258,10.808,11.875,13.033,10.558,8.942,8.042,8.233,7.733,7.15,7.05,6.025,6.233,8.242,7.358,6.508,5.45,5.5,5.158,5.575,5.525,5.2,4.8,4.6,5.783,4.825,4.004,4.313,4.416,4.439,4.45,4.605
sau,Saudi Arabia,,,,,,,,,,,,,,,,,,,,4.345,4.571,4.617,5.265,5.562,5.822,6.051,6.254,5.645,5.176,5.377,5.548,5.772,5.524,5.568,5.721,5.591,5.6,6.0,6.0,5.7,7.4,6.65,,,,,,
sdn,Sudan,,22.328,22.219,21.426,20.66,19.923,19.211,18.525,17.863,17.225,16.61,15.998,15.409,15.757,15.177,14.618,14.0,13.5,13.0,12.5,15.2,15.0,15.9,15.8,16.183,17.01,17.493,16.77,16.04,14.894,13.733,12.033,14.8,15.2,19.8,21.6,20.6,19.6,19.5,22.1,26.83,28.328,30.606,30.606,28.61,25.674,22.849,20.313
sgp,Singapore,5.751,5.925,6.281,5.57,6.135,4.565,2.012,3.9,2.575,1.775,1.775,1.75,1.8,1.7,1.725,1.75,1.65,1.425,2.5,2.8,2.675,2.65,3.55,3.95,3.35,3.125,2.65,2.125,2.225,3.025,2.175,2.025,1.95,1.9,1.95,1.9,2.075,2.175,2.1,2.25,3.0,2.65,2.1,2.1,2.1,2.1,2.1,2.1
slv,El Salvador,,,,,,,,,10.154,9.074,10.0,8.7,9.3,9.9,7.7,7.6,7.7,8.0,7.3,6.4,6.7,6.96,6.23,6.915,6.78,7.2,6.6,6.3,5.9,7.3,7.0,6.6,6.1,5.9,7.0,7.006,6.98,7.049,6.346,6.335,11.973,10.303,8.2,7.5,7.0,7.0,7.0,7.0
smr,San Marino,,,,,,,,,,,,,,,,,,,,,,3.54,3.921,4.119,3.362,3.56,3.313,3.021,3.114,4.483,4.945,5.469,6.95,8.079,8.739,9.183,8.597,8.095,8.009,7.663,7.342,6.129,5.9,5.66,5.693,5.715,5.715,5.715
srb,Serbia,,,,,,,,,,,,,,,,,,12.26,12.8,13.3,12.1,12.2,14.47,16.0,19.53,21.83,21.56,18.8,14.4,16.9,20.0,23.6,24.6,23.0,21.021,19.281,16.854,14.869,14.073,11.581,10.093,10.093,9.885,9.707,9.533,9.273,8.976,8.683
stp,S√£o Tom√© and Pr√≠ncipe,,,,,,,,,,,,,,,,,,,,,,,,,,,,,,,,,,,,,,,,,,,,,,,,
sur,Suriname,,,,,,,,,,,,,,,12.373,8.418,10.936,9.839,10.626,12.0,13.767,13.729,9.658,6.549,8.383,11.084,12.281,10.682,9.361,8.711,7.2,7.5,8.1,6.6,5.5,7.0,10.0,7.0,9.0,8.809,11.147,11.2,10.9,10.6,10.3,10.0,9.9,9.145
svk,Slovak Republic,,,,,,,,,,,,,,12.7,14.6,13.7,12.6,11.882,12.725,16.492,18.9,19.458,18.825,17.7,18.358,16.358,13.442,11.217,9.592,12.1,14.417,13.625,13.9,14.117,13.108,11.45,9.658,8.067,6.525,5.725,6.608,6.842,6.2,6.2,6.0,5.7,5.7,5.7
svn,Slovenia,,,,,,,,,,,,,7.836,8.591,8.497,7.0,6.892,6.917,7.367,7.408,6.742,6.192,6.342,6.7,6.342,6.542,5.992,4.858,4.392,5.85,7.258,8.183,8.85,10.108,9.7,8.983,8.008,6.575,5.125,4.442,4.983,4.775,4.287,4.28,4.284,4.153,4.042,4.005
swe,Sweden,2.7,3.417,4.342,4.758,4.233,3.85,3.608,2.867,2.35,2.025,2.242,4.0,7.1,11.15,10.783,10.417,10.883,10.875,8.817,7.55,6.342,5.825,5.95,6.567,7.375,7.783,7.242,6.317,6.35,8.483,8.775,7.95,8.15,8.208,8.1,7.592,7.15,6.858,6.517,6.975,8.542,8.8,7.643,7.4,7.3,7.2,7.2,7.2
syc,Seychelles,,,,,,,,,,,,,,,,7.7,7.452,6.757,4.211,3.172,3.112,4.412,4.064,3.151,3.531,3.624,2.511,1.863,1.716,5.136,4.605,4.13,3.705,3.325,2.983,2.684,2.684,3.0,3.0,3.0,3.0,3.0,3.0,3.0,3.0,3.0,3.0,3.0
syr,Syria,,,,,,,,,,,,,,,,,,16.761,12.405,13.462,13.483,8.171,11.672,10.781,12.288,8.089,8.182,8.406,10.924,8.139,8.613,,,,,,,,,,,,,,,,,
tha,Thailand,,,,,,,,,,,,,,,,,,,,,,3.333,2.442,2.192,2.108,1.858,1.517,1.364,1.372,1.5,1.05,0.655,0.662,0.7,0.8,0.9,1.0,1.2,1.1,1.0,2.0,1.5,1.0,1.0,1.0,1.0,1.0,1.0
tjk,Tajikistan,,,,,,,,,,,,,,,,,,,,3.2,2.6,2.5,2.6,2.3,2.2,2.1,2.3,2.5,2.3,2.1,2.2,2.492,,,,,,,,,,,,,,,,
tun,Tunisia,,,,,,,,,,,16.198,16.223,16.247,16.272,16.296,16.177,16.058,15.939,16.063,15.982,15.691,15.126,15.263,14.514,14.237,12.819,12.511,12.397,12.442,13.29,13.048,18.889,16.723,15.33,14.959,15.39,15.544,15.513,15.53,14.889,17.4,16.2,,,,,,
tur,T√ºrkiye,,,,,,,,,,,,,,,,,,,,,,,,,,,,,,,,,,,,,,,,,,,,,,,,
twn,Taiwan Province of China,1.23,1.36,2.14,2.71,2.45,2.91,2.66,1.97,1.69,1.57,1.67,1.51,1.51,1.45,1.56,1.79,2.6,2.72,2.69,2.92,2.99,4.57,5.17,4.99,4.44,4.13,3.91,3.91,4.14,5.85,5.21,4.39,4.24,4.18,3.96,3.78,3.92,3.76,3.71,3.73,3.85,3.95,3.6,3.6,3.6,3.6,3.6,3.6
ukr,Ukraine,,,,,,,,,,,,,,,,14.8,10.0,9.8,11.3,11.9,11.483,10.789,9.629,9.057,8.588,7.185,6.81,6.351,6.363,8.843,8.097,7.856,7.529,7.172,9.275,9.143,9.45,9.65,9.0,8.5,9.15,9.815,,,,,,
ury,Uruguay,,,,14.5,14.0,13.1,10.1,9.1,8.6,8.0,8.5,8.9,9.0,8.3,9.2,10.3,11.9,11.558,10.125,11.2,13.4,15.192,16.75,17.15,13.342,12.142,10.783,9.4,7.925,7.783,7.025,6.342,6.325,6.508,6.625,7.525,7.867,7.925,8.367,8.925,10.35,9.375,7.851,7.896,7.896,7.896,7.896,7.896
usa,United States,7.175,7.617,9.708,9.6,7.508,7.192,7.0,6.175,5.492,5.258,5.617,6.85,7.492,6.908,6.1,5.592,5.408,4.942,4.5,4.217,3.967,4.742,5.783,5.992,5.542,5.083,4.608,4.617,5.8,9.283,9.608,8.933,8.075,7.358,6.158,5.275,4.875,4.358,3.892,3.675,8.092,5.358,3.67,4.557,5.42,5.374,4.921,4.703
uvk,Kosovo,,,,,,,,,,,,,,,,,,,,,,,,,,,,,,,,,30.9,30.0,35.3,32.9,27.525,30.475,29.5,25.65,25.95,25.8,,,,,,
uzb,Uzbekistan,,,,,,,,,,,,,,,,,,,,,,,5.2,4.9,3.6,3.0,5.2,4.99,4.893,5.041,5.357,4.963,4.874,4.86,5.087,5.153,5.163,5.83,9.347,8.976,10.531,9.5,10.0,9.5,9.0,8.5,8.0,7.5
ven,Venezuela,,,,,,,,,,,,,,,,,,,,14.525,14.008,13.358,15.996,18.188,15.067,12.242,9.958,8.492,7.354,7.879,8.508,8.204,7.823,7.47,6.7,7.4,20.863,27.886,35.554,,,,,,,,,
vnm,Vietnam,,,,,,,,,,,12.327,10.393,11.0,10.6,10.3,5.82,5.88,6.01,6.85,6.74,6.42,6.28,6.01,5.78,5.6,5.31,4.82,4.64,2.38,2.9,2.88,2.22,1.96,2.18,2.1,2.33,2.3,2.24,2.19,2.17,2.48,2.7,2.4,2.3,2.3,2.3,2.3,2.3
wbg,West Bank and Gaza,,,,,,,,,,,,,,18.6,18.6,18.713,23.529,20.1,14.219,11.844,14.3,25.3,31.2,25.5,26.8,23.5,23.7,21.7,26.6,24.5,23.7,20.9,23.0,23.4,26.9,25.9,26.9,25.45,26.25,25.35,25.925,26.392,25.692,24.992,24.492,24.192,24.092,23.992
zaf,South Africa,9.241,9.824,10.755,12.543,13.718,15.452,16.049,16.592,17.238,17.829,18.784,20.162,21.213,22.163,22.89,16.5,20.3,22.0,26.1,23.3,23.0,25.95,27.8,27.65,25.15,24.65,23.55,23.0,22.525,23.7,24.875,24.8,24.875,24.725,25.1,25.35,26.725,27.45,27.125,28.7,29.175,34.3,34.625,35.575,36.84,37.453,38.054,38.644
